-77.7057613168724;-109.981481481481;80.082304526749;165.493827160494;154.814814814815;1
2.29423868312757;9.01851851851853;-61.917695473251;12.4938271604938;32.8148148148148;1
2.29423868312757;11.0185185185185;-61.917695473251;7.49382716049377;27.8148148148148;1
2.29423868312757;-15.9814814814815;-67.917695473251;-0.506172839506235;-69.1851851851852;1
3.29423868312757;7.01851851851853;-61.917695473251;6.49382716049377;-25.1851851851852;1
1.29423868312757;-16.9814814814815;-63.917695473251;-2.50617283950623;-69.1851851851852;1
3.29423868312757;7.01851851851853;-61.917695473251;7.49382716049377;-69.1851851851852;1
1.29423868312757;48.0185185185185;161.082304526749;-2.50617283950623;211.814814814815;1
3.29423868312757;9.01851851851853;-61.917695473251;5.49382716049377;-69.1851851851852;1
4.29423868312757;-109.981481481481;78.082304526749;143.493827160494;190.814814814815;1
-0.705761316872426;-14.9814814814815;-62.917695473251;131.493827160494;-69.1851851851852;1
3.29423868312757;11.0185185185185;78.082304526749;7.49382716049377;-37.1851851851852;1
0.294238683127574;47.0185185185185;-69.917695473251;-2.50617283950623;-69.1851851851852;1
2.29423868312757;8.01851851851853;-62.917695473251;8.49382716049377;-35.1851851851852;1
0.294238683127574;48.0185185185185;124.082304526749;-4.50617283950623;-69.1851851851852;1
2.29423868312757;-18.9814814814815;-57.917695473251;8.49382716049377;-55.1851851851852;1
15.2942386831276;55.0185185185185;-14.917695473251;56.4938271604938;33.8148148148148;1
-76.7057613168724;-94.9814814814815;-68.917695473251;-4.50617283950623;-69.1851851851852;1
1.29423868312757;-15.9814814814815;-69.917695473251;-4.50617283950623;-69.1851851851852;1
1.29423868312757;10.0185185185185;-61.917695473251;7.49382716049377;-58.1851851851852;1
-0.705761316872426;49.0185185185185;-83.917695473251;-3.50617283950623;-25.1851851851852;1
2.29423868312757;8.01851851851853;-60.917695473251;-63.5061728395062;-55.1851851851852;1
1.29423868312757;-15.9814814814815;-68.917695473251;-4.50617283950623;-69.1851851851852;1
3.29423868312757;8.01851851851853;-62.917695473251;4.49382716049377;-69.1851851851852;1
-77.7057613168724;-109.981481481481;160.082304526749;-132.506172839506;160.814814814815;1
2.29423868312757;-10.9814814814815;154.082304526749;-3.50617283950623;-69.1851851851852;1
-77.7057613168724;-109.981481481481;214.082304526749;-123.506172839506;192.814814814815;1
3.29423868312757;7.01851851851853;-58.917695473251;5.49382716049377;-62.1851851851852;1
2.29423868312757;24.0185185185185;-67.917695473251;-5.50617283950623;-69.1851851851852;1
2.29423868312757;6.01851851851853;221.082304526749;7.49382716049377;-36.1851851851852;1
2.29423868312757;50.0185185185185;135.082304526749;-2.50617283950623;-24.1851851851852;1
2.29423868312757;8.01851851851853;-60.917695473251;10.4938271604938;-38.1851851851852;1
5.29423868312757;10.0185185185185;-50.917695473251;57.4938271604938;-17.1851851851852;1
2.29423868312757;7.01851851851853;-60.917695473251;6.49382716049377;-69.1851851851852;1
2.29423868312757;-10.9814814814815;-66.917695473251;-3.50617283950623;-69.1851851851852;1
2.29423868312757;9.01851851851853;-56.917695473251;5.49382716049377;-37.1851851851852;1
2.29423868312757;-16.9814814814815;-66.917695473251;-3.50617283950623;-69.1851851851852;1
-77.7057613168724;-109.981481481481;30.082304526749;207.493827160494;213.814814814815;1
2.29423868312757;13.0185185185185;21.082304526749;6.49382716049377;-37.1851851851852;1
15.2942386831276;10.0185185185185;-16.917695473251;59.4938271604938;189.814814814815;1
2.29423868312757;-15.9814814814815;-61.917695473251;-4.50617283950623;-69.1851851851852;1
2.29423868312757;8.01851851851853;-58.917695473251;6.49382716049377;-69.1851851851852;1
2.29423868312757;-83.9814814814815;-65.917695473251;-6.50617283950623;-69.1851851851852;1
3.29423868312757;-92.9814814814815;-59.917695473251;6.49382716049377;-61.1851851851852;1
2.29423868312757;-95.9814814814815;127.082304526749;-94.5061728395062;-59.1851851851852;1
2.29423868312757;13.0185185185185;-67.917695473251;9.49382716049377;-49.1851851851852;1
2.29423868312757;50.0185185185185;128.082304526749;-3.50617283950623;-43.1851851851852;1
2.29423868312757;16.0185185185185;-59.917695473251;4.49382716049377;-19.1851851851852;1
2.29423868312757;-16.9814814814815;-3.917695473251;-4.50617283950623;-69.1851851851852;1
2.29423868312757;13.0185185185185;-60.917695473251;4.49382716049377;21.8148148148148;1
4.29423868312757;-109.981481481481;-12.917695473251;211.493827160494;195.814814814815;1
2.29423868312757;-14.9814814814815;-60.917695473251;-3.50617283950623;-61.1851851851852;1
2.29423868312757;-14.9814814814815;-61.917695473251;6.49382716049377;24.8148148148148;1
2.29423868312757;49.0185185185185;-39.917695473251;-3.50617283950623;-69.1851851851852;1
2.29423868312757;10.0185185185185;-60.917695473251;3.49382716049377;2.81481481481478;1
2.29423868312757;48.0185185185185;-82.917695473251;-3.50617283950623;-69.1851851851852;1
2.29423868312757;9.01851851851853;-66.917695473251;7.49382716049377;-68.1851851851852;1
2.29423868312757;-15.9814814814815;123.082304526749;-4.50617283950623;-69.1851851851852;1
2.29423868312757;12.0185185185185;-57.917695473251;4.49382716049377;-69.1851851851852;1
2.29423868312757;-25.9814814814815;-40.917695473251;-4.50617283950623;-62.1851851851852;1
3.29423868312757;-99.9814814814815;305.082304526749;6.49382716049377;-53.1851851851852;1
2.29423868312757;-17.9814814814815;-78.917695473251;-4.50617283950623;-69.1851851851852;1
1.29423868312757;14.0185185185185;-60.917695473251;6.49382716049377;-50.1851851851852;1
16.2942386831276;56.0185185185185;-18.917695473251;55.4938271604938;161.814814814815;1
2.29423868312757;-13.9814814814815;-66.917695473251;-4.50617283950623;-45.1851851851852;1
2.29423868312757;10.0185185185185;-50.917695473251;7.49382716049377;-43.1851851851852;1
1.29423868312757;-23.9814814814815;-41.917695473251;-4.50617283950623;-69.1851851851852;1
1.29423868312757;12.0185185185185;-43.917695473251;7.49382716049377;-64.1851851851852;1
1.29423868312757;53.0185185185185;-69.917695473251;-4.50617283950623;-69.1851851851852;1
1.29423868312757;14.0185185185185;-62.917695473251;6.49382716049377;-69.1851851851852;1
2.29423868312757;52.0185185185185;-72.917695473251;-5.50617283950623;-40.1851851851852;1
1.29423868312757;-15.9814814814815;-59.917695473251;8.49382716049377;-10.1851851851852;1
-77.7057613168724;-109.981481481481;79.082304526749;149.493827160494;213.814814814815;1
1.29423868312757;13.0185185185185;-63.917695473251;8.49382716049377;-69.1851851851852;1
1.29423868312757;51.0185185185185;-83.917695473251;-5.50617283950623;-69.1851851851852;1
15.2942386831276;57.0185185185185;-16.917695473251;56.4938271604938;29.8148148148148;1
-77.7057613168724;-109.981481481481;-15.917695473251;117.493827160494;217.814814814815;1
-77.7057613168724;-109.981481481481;77.082304526749;120.493827160494;177.814814814815;1
1.29423868312757;51.0185185185185;-67.917695473251;-5.50617283950623;-69.1851851851852;1
2.29423868312757;-101.981481481481;-77.917695473251;-4.50617283950623;-69.1851851851852;1
2.29423868312757;13.0185185185185;-59.917695473251;45.4938271604938;-63.1851851851852;1
1.29423868312757;11.0185185185185;-57.917695473251;7.49382716049377;-36.1851851851852;1
-77.7057613168724;-109.981481481481;112.082304526749;-132.506172839506;241.814814814815;1
1.29423868312757;51.0185185185185;-74.917695473251;-3.50617283950623;-69.1851851851852;1
-77.7057613168724;-89.9814814814815;219.082304526749;-132.506172839506;-52.1851851851852;1
-76.7057613168724;-88.9814814814815;96.082304526749;-132.506172839506;216.814814814815;1
1.29423868312757;-101.981481481481;-78.917695473251;-5.50617283950623;-57.1851851851852;1
-77.7057613168724;-109.981481481481;197.082304526749;216.493827160494;219.814814814815;1
-77.7057613168724;-109.981481481481;112.082304526749;145.493827160494;175.814814814815;1
-77.7057613168724;-109.981481481481;116.082304526749;147.493827160494;126.814814814815;1
2.29423868312757;11.0185185185185;-58.917695473251;8.49382716049377;-22.1851851851852;1
2.29423868312757;13.0185185185185;-62.917695473251;9.49382716049377;-35.1851851851852;1
2.29423868312757;-17.9814814814815;-47.917695473251;-5.50617283950623;-69.1851851851852;1
2.29423868312757;14.0185185185185;-61.917695473251;12.4938271604938;-43.1851851851852;1
1.29423868312757;10.0185185185185;-59.917695473251;10.4938271604938;-33.1851851851852;1
2.29423868312757;-99.9814814814815;-83.917695473251;-5.50617283950623;-69.1851851851852;1
1.29423868312757;-98.9814814814815;97.082304526749;7.49382716049377;-38.1851851851852;1
2.29423868312757;-14.9814814814815;-83.917695473251;-4.50617283950623;-69.1851851851852;1
1.29423868312757;14.0185185185185;-64.917695473251;9.49382716049377;-35.1851851851852;1
2.29423868312757;-21.9814814814815;-76.917695473251;-5.50617283950623;-69.1851851851852;1
2.29423868312757;14.0185185185185;-60.917695473251;6.49382716049377;25.8148148148148;1
-77.7057613168724;-109.981481481481;-16.917695473251;147.493827160494;192.814814814815;1
4.29423868312757;6.01851851851853;-67.917695473251;7.49382716049377;-43.1851851851852;1
4.29423868312757;-109.981481481481;-26.917695473251;141.493827160494;261.814814814815;1
3.29423868312757;51.0185185185185;75.082304526749;-4.50617283950623;-35.1851851851852;1
4.29423868312757;-17.9814814814815;46.082304526749;8.49382716049377;-69.1851851851852;1
4.29423868312757;-109.981481481481;-43.917695473251;164.493827160494;283.814814814815;1
3.29423868312757;51.0185185185185;-71.917695473251;-4.50617283950623;-65.1851851851852;1
3.29423868312757;51.0185185185185;-70.917695473251;-5.50617283950623;-69.1851851851852;1
4.29423868312757;30.0185185185185;72.082304526749;9.49382716049377;-53.1851851851852;1
4.29423868312757;-109.981481481481;-49.917695473251;141.493827160494;212.814814814815;1
-77.7057613168724;-109.981481481481;-48.917695473251;142.493827160494;170.814814814815;1
3.29423868312757;50.0185185185185;-70.917695473251;-3.50617283950623;-67.1851851851852;1
4.29423868312757;-17.9814814814815;73.082304526749;8.49382716049377;-18.1851851851852;1
4.29423868312757;-109.981481481481;-44.917695473251;143.493827160494;163.814814814815;1
3.29423868312757;50.0185185185185;-69.917695473251;-4.50617283950623;-54.1851851851852;1
4.29423868312757;-17.9814814814815;-70.917695473251;8.49382716049377;-65.1851851851852;1
4.29423868312757;-109.981481481481;-80.917695473251;144.493827160494;253.814814814815;1
3.29423868312757;50.0185185185185;-72.917695473251;-5.50617283950623;-63.1851851851852;1
3.29423868312757;-14.9814814814815;-65.917695473251;8.49382716049377;-30.1851851851852;1
4.29423868312757;-109.981481481481;172.082304526749;134.493827160494;235.814814814815;1
3.29423868312757;49.0185185185185;-69.917695473251;-4.50617283950623;-68.1851851851852;1
4.29423868312757;-17.9814814814815;-58.917695473251;8.49382716049377;119.814814814815;1
3.29423868312757;50.0185185185185;-43.917695473251;-5.50617283950623;-69.1851851851852;1
3.29423868312757;-20.9814814814815;-56.917695473251;7.49382716049377;160.814814814815;1
4.29423868312757;-109.981481481481;158.082304526749;148.493827160494;200.814814814815;1
3.29423868312757;51.0185185185185;-38.917695473251;-4.50617283950623;-40.1851851851852;1
3.29423868312757;-19.9814814814815;-58.917695473251;7.49382716049377;116.814814814815;1
3.29423868312757;50.0185185185185;-74.917695473251;-5.50617283950623;-56.1851851851852;1
4.29423868312757;-20.9814814814815;-53.917695473251;8.49382716049377;149.814814814815;1
3.29423868312757;50.0185185185185;-69.917695473251;-4.50617283950623;-44.1851851851852;1
4.29423868312757;-18.9814814814815;-33.917695473251;-123.506172839506;-69.1851851851852;1
-77.7057613168724;-109.981481481481;-44.917695473251;144.493827160494;189.814814814815;1
3.29423868312757;52.0185185185185;-67.917695473251;-4.50617283950623;-69.1851851851852;1
4.29423868312757;-109.981481481481;-77.917695473251;208.493827160494;222.814814814815;1
3.29423868312757;-21.9814814814815;-63.917695473251;8.49382716049377;156.814814814815;1
3.29423868312757;49.0185185185185;-72.917695473251;-4.50617283950623;-41.1851851851852;1
4.29423868312757;25.0185185185185;74.082304526749;8.49382716049377;-69.1851851851852;1
3.29423868312757;51.0185185185185;-66.917695473251;-4.50617283950623;127.814814814815;1
4.29423868312757;-17.9814814814815;-30.917695473251;8.49382716049377;-41.1851851851852;1
4.29423868312757;-109.981481481481;-82.917695473251;144.493827160494;223.814814814815;1
3.29423868312757;50.0185185185185;-71.917695473251;-2.50617283950623;-67.1851851851852;1
4.29423868312757;30.0185185185185;-59.917695473251;8.49382716049377;148.814814814815;1
4.29423868312757;-109.981481481481;-83.917695473251;134.493827160494;249.814814814815;1
3.29423868312757;50.0185185185185;-73.917695473251;-4.50617283950623;-67.1851851851852;1
4.29423868312757;-109.981481481481;-47.917695473251;208.493827160494;193.814814814815;1
4.29423868312757;-18.9814814814815;-54.917695473251;8.49382716049377;-39.1851851851852;1
4.29423868312757;27.0185185185185;74.082304526749;9.49382716049377;-37.1851851851852;1
2.29423868312757;47.0185185185185;-71.917695473251;-5.50617283950623;-69.1851851851852;1
3.29423868312757;50.0185185185185;-68.917695473251;-5.50617283950623;-69.1851851851852;1
3.29423868312757;8.01851851851853;-63.917695473251;8.49382716049377;143.814814814815;1
4.29423868312757;-109.981481481481;84.082304526749;140.493827160494;232.814814814815;1
4.29423868312757;-14.9814814814815;70.082304526749;9.49382716049377;146.814814814815;1
3.29423868312757;49.0185185185185;-68.917695473251;-5.50617283950623;-62.1851851851852;1
3.29423868312757;51.0185185185185;-69.917695473251;-4.50617283950623;-69.1851851851852;1
4.29423868312757;-16.9814814814815;-63.917695473251;8.49382716049377;147.814814814815;1
3.29423868312757;-19.9814814814815;-55.917695473251;8.49382716049377;147.814814814815;1
3.29423868312757;50.0185185185185;-70.917695473251;-5.50617283950623;-65.1851851851852;1
3.29423868312757;52.0185185185185;-70.917695473251;-5.50617283950623;-68.1851851851852;1
3.29423868312757;-19.9814814814815;-60.917695473251;8.49382716049377;122.814814814815;1
4.29423868312757;-15.9814814814815;74.082304526749;9.49382716049377;118.814814814815;1
-77.7057613168724;-109.981481481481;-37.917695473251;136.493827160494;197.814814814815;1
3.29423868312757;51.0185185185185;-70.917695473251;-5.50617283950623;-56.1851851851852;1
-77.7057613168724;-109.981481481481;-37.917695473251;207.493827160494;241.814814814815;1
3.29423868312757;47.0185185185185;-70.917695473251;-4.50617283950623;-46.1851851851852;1
3.29423868312757;52.0185185185185;-69.917695473251;-4.50617283950623;-47.1851851851852;1
4.29423868312757;-109.981481481481;-40.917695473251;141.493827160494;228.814814814815;1
3.29423868312757;50.0185185185185;-70.917695473251;-5.50617283950623;-41.1851851851852;1
4.29423868312757;-17.9814814814815;-68.917695473251;8.49382716049377;-48.1851851851852;1
4.29423868312757;-16.9814814814815;-71.917695473251;7.49382716049377;-46.1851851851852;1
2.29423868312757;-26.9814814814815;-67.917695473251;-4.50617283950623;34.8148148148148;1
3.29423868312757;52.0185185185185;-69.917695473251;-4.50617283950623;-69.1851851851852;1
4.29423868312757;-18.9814814814815;67.082304526749;8.49382716049377;85.8148148148148;1
3.29423868312757;-24.9814814814815;56.082304526749;8.49382716049377;112.814814814815;1
3.29423868312757;51.0185185185185;-70.917695473251;-5.50617283950623;-40.1851851851852;1
2.29423868312757;48.0185185185185;-70.917695473251;-4.50617283950623;-43.1851851851852;1
3.29423868312757;-16.9814814814815;60.082304526749;8.49382716049377;-35.1851851851852;1
3.29423868312757;-20.9814814814815;-56.917695473251;8.49382716049377;-39.1851851851852;1
4.29423868312757;-109.981481481481;-37.917695473251;143.493827160494;188.814814814815;1
3.29423868312757;52.0185185185185;-35.917695473251;-4.50617283950623;-69.1851851851852;1
3.29423868312757;48.0185185185185;-75.917695473251;-5.50617283950623;148.814814814815;1
4.29423868312757;-17.9814814814815;-72.917695473251;8.49382716049377;-52.1851851851852;1
4.29423868312757;-16.9814814814815;72.082304526749;8.49382716049377;117.814814814815;1
4.29423868312757;-17.9814814814815;-73.917695473251;8.49382716049377;-39.1851851851852;1
4.29423868312757;-18.9814814814815;-67.917695473251;8.49382716049377;-33.1851851851852;1
4.29423868312757;-20.9814814814815;-69.917695473251;8.49382716049377;-60.1851851851852;1
4.29423868312757;-109.981481481481;-39.917695473251;211.493827160494;147.814814814815;1
4.29423868312757;-19.9814814814815;-72.917695473251;8.49382716049377;-38.1851851851852;1
4.29423868312757;25.0185185185185;-71.917695473251;8.49382716049377;-53.1851851851852;1
4.29423868312757;-109.981481481481;-41.917695473251;206.493827160494;226.814814814815;1
4.29423868312757;-26.9814814814815;-64.917695473251;8.49382716049377;-38.1851851851852;1
4.29423868312757;-109.981481481481;-39.917695473251;206.493827160494;206.814814814815;1
4.29423868312757;-20.9814814814815;-72.917695473251;8.49382716049377;-48.1851851851852;1
4.29423868312757;-109.981481481481;-37.917695473251;138.493827160494;218.814814814815;1
3.29423868312757;49.0185185185185;-71.917695473251;-5.50617283950623;-69.1851851851852;1
3.29423868312757;49.0185185185185;-70.917695473251;-4.50617283950623;-69.1851851851852;1
3.29423868312757;49.0185185185185;-73.917695473251;-4.50617283950623;-35.1851851851852;1
4.29423868312757;-109.981481481481;-39.917695473251;209.493827160494;254.814814814815;1
-77.7057613168724;-109.981481481481;-39.917695473251;140.493827160494;224.814814814815;1
3.29423868312757;49.0185185185185;-70.917695473251;-4.50617283950623;-38.1851851851852;1
3.29423868312757;50.0185185185185;-71.917695473251;-5.50617283950623;-37.1851851851852;1
3.29423868312757;49.0185185185185;-70.917695473251;-5.50617283950623;-63.1851851851852;1
3.29423868312757;-22.9814814814815;51.082304526749;7.49382716049377;-43.1851851851852;1
3.29423868312757;-19.9814814814815;39.082304526749;8.49382716049377;147.814814814815;1
3.29423868312757;52.0185185185185;-35.917695473251;-4.50617283950623;-68.1851851851852;1
4.29423868312757;-17.9814814814815;-61.917695473251;8.49382716049377;-44.1851851851852;1
3.29423868312757;47.0185185185185;-73.917695473251;-5.50617283950623;-69.1851851851852;1
3.29423868312757;-20.9814814814815;51.082304526749;8.49382716049377;-50.1851851851852;1
4.29423868312757;-30.9814814814815;47.082304526749;8.49382716049377;-38.1851851851852;1
5.29423868312757;-109.981481481481;-44.917695473251;207.493827160494;188.814814814815;1
4.29423868312757;-18.9814814814815;5.082304526749;8.49382716049377;-36.1851851851852;1
3.29423868312757;-23.9814814814815;-71.917695473251;-5.50617283950623;-47.1851851851852;1
3.29423868312757;54.0185185185185;-67.917695473251;-4.50617283950623;32.8148148148148;1
3.29423868312757;-23.9814814814815;-70.917695473251;-5.50617283950623;-46.1851851851852;1
3.29423868312757;53.0185185185185;67.082304526749;-4.50617283950623;-56.1851851851852;1
4.29423868312757;-19.9814814814815;-29.917695473251;8.49382716049377;-50.1851851851852;1
4.29423868312757;-18.9814814814815;-72.917695473251;8.49382716049377;-41.1851851851852;1
2.29423868312757;50.0185185185185;1.082304526749;-5.50617283950623;-55.1851851851852;1
6.29423868312757;-2.98148148148147;-54.917695473251;-84.5061728395062;-53.1851851851852;0
1.29423868312757;-0.981481481481467;-83.917695473251;-45.5061728395062;-69.1851851851852;0
6.29423868312757;47.0185185185185;-57.917695473251;16.4938271604938;-69.1851851851852;0
6.29423868312757;-5.98148148148147;-54.917695473251;11.4938271604938;-54.1851851851852;0
1.29423868312757;0.018518518518533;-83.917695473251;-44.5061728395062;15.8148148148148;0
2.29423868312757;0.018518518518533;-83.917695473251;-45.5061728395062;-61.1851851851852;0
6.29423868312757;0.018518518518533;-57.917695473251;9.49382716049377;-60.1851851851852;0
6.29423868312757;-7.98148148148147;-56.917695473251;12.4938271604938;-59.1851851851852;0
6.29423868312757;-6.98148148148147;-55.917695473251;12.4938271604938;-58.1851851851852;0
6.29423868312757;-6.98148148148147;-54.917695473251;7.49382716049377;-69.1851851851852;0
1.29423868312757;1.01851851851853;-83.917695473251;-47.5061728395062;-62.1851851851852;0
2.29423868312757;2.01851851851853;-83.917695473251;-46.5061728395062;-52.1851851851852;0
6.29423868312757;-6.98148148148147;-54.917695473251;9.49382716049377;-60.1851851851852;0
6.29423868312757;-8.98148148148147;-59.917695473251;8.49382716049377;-59.1851851851852;0
1.29423868312757;1.01851851851853;43.082304526749;-46.5061728395062;-53.1851851851852;0
1.29423868312757;2.01851851851853;-83.917695473251;-46.5061728395062;7.81481481481478;0
6.29423868312757;-3.98148148148147;-56.917695473251;8.49382716049377;-62.1851851851852;0
6.29423868312757;-8.98148148148147;-56.917695473251;8.49382716049377;-58.1851851851852;0
1.29423868312757;-0.981481481481467;-83.917695473251;-47.5061728395062;-4.18518518518522;0
2.29423868312757;0.018518518518533;-83.917695473251;-45.5061728395062;-17.1851851851852;0
6.29423868312757;-2.98148148148147;-55.917695473251;11.4938271604938;-61.1851851851852;0
1.29423868312757;-0.981481481481467;-83.917695473251;-46.5061728395062;-1.18518518518522;0
6.29423868312757;-6.98148148148147;-56.917695473251;9.49382716049377;-61.1851851851852;0
2.29423868312757;1.01851851851853;-83.917695473251;-47.5061728395062;-53.1851851851852;0
6.29423868312757;-2.98148148148147;-56.917695473251;10.4938271604938;-62.1851851851852;0
1.29423868312757;-4.98148148148147;-83.917695473251;-46.5061728395062;-52.1851851851852;0
6.29423868312757;-8.98148148148147;-55.917695473251;12.4938271604938;-60.1851851851852;0
1.29423868312757;1.01851851851853;-83.917695473251;-46.5061728395062;-9.18518518518522;0
6.29423868312757;-6.98148148148147;-55.917695473251;11.4938271604938;-62.1851851851852;0
6.29423868312757;-8.98148148148147;-54.917695473251;10.4938271604938;-69.1851851851852;0
2.29423868312757;0.018518518518533;-78.917695473251;-47.5061728395062;-6.18518518518522;0
2.29423868312757;0.018518518518533;-83.917695473251;-94.5061728395062;-59.1851851851852;0
6.29423868312757;-4.98148148148147;-56.917695473251;9.49382716049377;-59.1851851851852;0
6.29423868312757;-7.98148148148147;-56.917695473251;10.4938271604938;-12.1851851851852;0
1.29423868312757;-0.981481481481467;-83.917695473251;-45.5061728395062;2.81481481481478;0
1.29423868312757;-2.98148148148147;-75.917695473251;-48.5061728395062;-64.1851851851852;0
6.29423868312757;-3.98148148148147;-55.917695473251;10.4938271604938;-10.1851851851852;0
6.29423868312757;-7.98148148148147;-57.917695473251;10.4938271604938;-56.1851851851852;0
2.29423868312757;2.01851851851853;-81.917695473251;-46.5061728395062;-14.1851851851852;0
1.29423868312757;-4.98148148148147;-83.917695473251;-47.5061728395062;16.8148148148148;0
6.29423868312757;-5.98148148148147;-58.917695473251;10.4938271604938;-66.1851851851852;0
6.29423868312757;-6.98148148148147;-57.917695473251;10.4938271604938;-63.1851851851852;0
2.29423868312757;-1.98148148148147;-75.917695473251;-46.5061728395062;-3.18518518518522;0
1.29423868312757;1.01851851851853;-80.917695473251;-48.5061728395062;11.8148148148148;0
6.29423868312757;-7.98148148148147;-57.917695473251;10.4938271604938;-61.1851851851852;0
6.29423868312757;50.0185185185185;-57.917695473251;9.49382716049377;-57.1851851851852;0
6.29423868312757;-5.98148148148147;-54.917695473251;8.49382716049377;-11.1851851851852;0
6.29423868312757;-7.98148148148147;188.082304526749;8.49382716049377;-58.1851851851852;0
2.29423868312757;0.018518518518533;86.082304526749;-46.5061728395062;-69.1851851851852;0
1.29423868312757;-0.981481481481467;-80.917695473251;-46.5061728395062;-17.1851851851852;0
1.29423868312757;1.01851851851853;-58.917695473251;-47.5061728395062;-24.1851851851852;0
6.29423868312757;-9.98148148148147;-59.917695473251;8.49382716049377;-62.1851851851852;0
6.29423868312757;-10.9814814814815;-58.917695473251;5.49382716049377;-69.1851851851852;0
1.29423868312757;1.01851851851853;137.082304526749;-47.5061728395062;5.81481481481478;0
1.29423868312757;2.01851851851853;42.082304526749;-47.5061728395062;37.8148148148148;0
6.29423868312757;-9.98148148148147;-58.917695473251;6.49382716049377;-65.1851851851852;0
6.29423868312757;-7.98148148148147;-55.917695473251;3.49382716049377;-38.1851851851852;0
2.29423868312757;0.018518518518533;132.082304526749;-47.5061728395062;2.81481481481478;0
1.29423868312757;66.0185185185185;173.082304526749;-91.5061728395062;-57.1851851851852;0
6.29423868312757;47.0185185185185;-55.917695473251;8.49382716049377;-56.1851851851852;0
5.29423868312757;-8.98148148148147;-56.917695473251;9.49382716049377;-44.1851851851852;0
1.29423868312757;1.01851851851853;92.082304526749;-47.5061728395062;101.814814814815;0
1.29423868312757;1.01851851851853;135.082304526749;-47.5061728395062;40.8148148148148;0
6.29423868312757;49.0185185185185;-58.917695473251;7.49382716049377;-56.1851851851852;0
6.29423868312757;47.0185185185185;-51.917695473251;11.4938271604938;-57.1851851851852;0
1.29423868312757;66.0185185185185;38.082304526749;266.493827160494;73.8148148148148;0
6.29423868312757;-9.98148148148147;-56.917695473251;3.49382716049377;-59.1851851851852;0
2.29423868312757;-1.98148148148147;134.082304526749;-47.5061728395062;70.8148148148148;0
6.29423868312757;-5.98148148148147;-56.917695473251;9.49382716049377;-47.1851851851852;0
1.29423868312757;65.0185185185185;237.082304526749;-46.5061728395062;14.8148148148148;0
6.29423868312757;-8.98148148148147;-55.917695473251;6.49382716049377;-53.1851851851852;0
1.29423868312757;0.018518518518533;-66.917695473251;-47.5061728395062;17.8148148148148;0
6.29423868312757;53.0185185185185;-55.917695473251;8.49382716049377;-69.1851851851852;0
6.29423868312757;48.0185185185185;-58.917695473251;8.49382716049377;196.814814814815;0
1.29423868312757;-1.98148148148147;20.082304526749;-47.5061728395062;127.814814814815;0
6.29423868312757;-6.98148148148147;-54.917695473251;10.4938271604938;-57.1851851851852;0
6.29423868312757;-7.98148148148147;-59.917695473251;8.49382716049377;-56.1851851851852;0
1.29423868312757;3.01851851851853;111.082304526749;-45.5061728395062;6.81481481481478;0
6.29423868312757;-7.98148148148147;-62.917695473251;6.49382716049377;100.814814814815;0
6.29423868312757;1.01851851851853;-59.917695473251;9.49382716049377;-41.1851851851852;0
-77.7057613168724;67.0185185185185;156.082304526749;-46.5061728395062;165.814814814815;0
2.29423868312757;-0.981481481481467;257.082304526749;-45.5061728395062;0.814814814814781;0
6.29423868312757;-7.98148148148147;-51.917695473251;11.4938271604938;-37.1851851851852;0
6.29423868312757;-6.98148148148147;-50.917695473251;8.49382716049377;164.814814814815;0
1.29423868312757;2.01851851851853;-70.917695473251;-47.5061728395062;2.81481481481478;0
1.29423868312757;-1.98148148148147;-83.917695473251;-47.5061728395062;48.8148148148148;0
6.29423868312757;-5.98148148148147;84.082304526749;-83.5061728395062;-62.1851851851852;0
6.29423868312757;-9.98148148148147;84.082304526749;-85.5061728395062;-61.1851851851852;0
1.29423868312757;67.0185185185185;89.082304526749;-101.506172839506;-69.1851851851852;0
1.29423868312757;28.0185185185185;95.082304526749;-41.5061728395062;-69.1851851851852;0
6.29423868312757;-10.9814814814815;86.082304526749;-122.506172839506;-34.1851851851852;0
1.29423868312757;67.0185185185185;130.082304526749;-56.5061728395062;-69.1851851851852;0
6.29423868312757;-11.9814814814815;84.082304526749;7.49382716049377;-35.1851851851852;0
1.29423868312757;65.0185185185185;102.082304526749;-47.5061728395062;-62.1851851851852;0
6.29423868312757;-10.9814814814815;-54.917695473251;8.49382716049377;-29.1851851851852;0
1.29423868312757;10.0185185185185;198.082304526749;-45.5061728395062;-69.1851851851852;0
6.29423868312757;-10.9814814814815;179.082304526749;3.49382716049377;-40.1851851851852;0
6.29423868312757;48.0185185185185;-11.917695473251;9.49382716049377;-57.1851851851852;0
2.29423868312757;0.018518518518533;97.082304526749;-46.5061728395062;4.81481481481478;0
2.29423868312757;61.0185185185185;130.082304526749;-45.5061728395062;0.814814814814781;0
6.29423868312757;-6.98148148148147;167.082304526749;11.4938271604938;-47.1851851851852;0
6.29423868312757;52.0185185185185;-56.917695473251;7.49382716049377;-44.1851851851852;0
2.29423868312757;66.0185185185185;246.082304526749;-47.5061728395062;8.81481481481478;0
1.29423868312757;67.0185185185185;119.082304526749;-46.5061728395062;1.81481481481478;0
6.29423868312757;-9.98148148148147;-57.917695473251;8.49382716049377;-49.1851851851852;0
6.29423868312757;-9.98148148148147;170.082304526749;8.49382716049377;159.814814814815;0
2.29423868312757;-1.98148148148147;25.082304526749;-46.5061728395062;-64.1851851851852;0
1.29423868312757;67.0185185185185;233.082304526749;-47.5061728395062;-59.1851851851852;0
1.29423868312757;-0.981481481481467;230.082304526749;-48.5061728395062;9.81481481481478;0
2.29423868312757;0.018518518518533;-83.917695473251;-46.5061728395062;14.8148148148148;0
2.29423868312757;63.0185185185185;-83.917695473251;-47.5061728395062;2.81481481481478;0
1.29423868312757;66.0185185185185;132.082304526749;-47.5061728395062;-9.18518518518522;0
1.29423868312757;-0.981481481481467;129.082304526749;-47.5061728395062;8.81481481481478;0
6.29423868312757;-5.98148148148147;175.082304526749;8.49382716049377;186.814814814815;0
6.29423868312757;-10.9814814814815;-73.917695473251;6.49382716049377;-66.1851851851852;0
2.29423868312757;0.018518518518533;-83.917695473251;-47.5061728395062;-60.1851851851852;0
1.29423868312757;0.018518518518533;177.082304526749;-48.5061728395062;-11.1851851851852;0
6.29423868312757;-10.9814814814815;-52.917695473251;7.49382716049377;-53.1851851851852;0
6.29423868312757;-8.98148148148147;176.082304526749;12.4938271604938;-54.1851851851852;0
1.29423868312757;67.0185185185185;232.082304526749;-47.5061728395062;8.81481481481478;0
1.29423868312757;0.018518518518533;-83.917695473251;-47.5061728395062;-13.1851851851852;0
6.29423868312757;-5.98148148148147;172.082304526749;7.49382716049377;-64.1851851851852;0
1.29423868312757;0.018518518518533;-83.917695473251;-47.5061728395062;15.8148148148148;0
1.29423868312757;63.0185185185185;175.082304526749;-47.5061728395062;25.8148148148148;0
6.29423868312757;50.0185185185185;-53.917695473251;6.49382716049377;-60.1851851851852;0
1.29423868312757;64.0185185185185;33.082304526749;-100.506172839506;-66.1851851851852;0
1.29423868312757;2.01851851851853;-83.917695473251;-47.5061728395062;-33.1851851851852;0
6.29423868312757;47.0185185185185;172.082304526749;6.49382716049377;-56.1851851851852;0
6.29423868312757;-12.9814814814815;92.082304526749;5.49382716049377;-54.1851851851852;0
1.29423868312757;66.0185185185185;225.082304526749;-47.5061728395062;9.81481481481478;0
1.29423868312757;0.018518518518533;-83.917695473251;-47.5061728395062;-10.1851851851852;0
6.29423868312757;-9.98148148148147;97.082304526749;6.49382716049377;-53.1851851851852;0
6.29423868312757;48.0185185185185;-55.917695473251;7.49382716049377;-64.1851851851852;0
1.29423868312757;1.01851851851853;-83.917695473251;-47.5061728395062;-64.1851851851852;0
1.29423868312757;0.018518518518533;128.082304526749;-48.5061728395062;8.81481481481478;0
6.29423868312757;-7.98148148148147;169.082304526749;8.49382716049377;-58.1851851851852;0
6.29423868312757;54.0185185185185;85.082304526749;6.49382716049377;187.814814814815;0
1.29423868312757;66.0185185185185;128.082304526749;-48.5061728395062;-69.1851851851852;0
1.29423868312757;-1.98148148148147;121.082304526749;-48.5061728395062;6.81481481481478;0
6.29423868312757;53.0185185185185;192.082304526749;4.49382716049377;-69.1851851851852;0
6.29423868312757;-9.98148148148147;-56.917695473251;8.49382716049377;159.814814814815;0
1.29423868312757;0.018518518518533;177.082304526749;-48.5061728395062;326.814814814815;0
1.29423868312757;67.0185185185185;130.082304526749;-47.5061728395062;-64.1851851851852;0
6.29423868312757;-6.98148148148147;-51.917695473251;8.49382716049377;-55.1851851851852;0
1.29423868312757;66.0185185185185;230.082304526749;-48.5061728395062;-17.1851851851852;0
6.29423868312757;-7.98148148148147;-52.917695473251;4.49382716049377;33.8148148148148;0
1.29423868312757;2.01851851851853;-83.917695473251;-48.5061728395062;-64.1851851851852;0
1.29423868312757;60.0185185185185;131.082304526749;-48.5061728395062;148.814814814815;0
1.29423868312757;64.0185185185185;129.082304526749;-48.5061728395062;-64.1851851851852;0
1.29423868312757;63.0185185185185;85.082304526749;-47.5061728395062;-61.1851851851852;0
6.29423868312757;-8.98148148148147;-54.917695473251;12.4938271604938;-65.1851851851852;0
6.29423868312757;-9.98148148148147;-57.917695473251;7.49382716049377;-58.1851851851852;0
1.29423868312757;1.01851851851853;199.082304526749;-49.5061728395062;-65.1851851851852;0
1.29423868312757;-2.98148148148147;25.082304526749;-121.506172839506;-69.1851851851852;0
1.29423868312757;0.018518518518533;187.082304526749;-48.5061728395062;-69.1851851851852;0
6.29423868312757;-10.9814814814815;-58.917695473251;6.49382716049377;142.814814814815;0
6.29423868312757;-9.98148148148147;-55.917695473251;5.49382716049377;159.814814814815;0
1.29423868312757;24.0185185185185;184.082304526749;-46.5061728395062;-69.1851851851852;0
1.29423868312757;32.0185185185185;-78.917695473251;-48.5061728395062;189.814814814815;0
5.29423868312757;-10.9814814814815;-63.917695473251;4.49382716049377;157.814814814815;0
6.29423868312757;-6.98148148148147;-60.917695473251;9.49382716049377;159.814814814815;0
6.29423868312757;-6.98148148148147;175.082304526749;7.49382716049377;-66.1851851851852;0
1.29423868312757;65.0185185185185;-83.917695473251;-103.506172839506;66.8148148148148;0
1.29423868312757;62.0185185185185;125.082304526749;-48.5061728395062;110.814814814815;0
6.29423868312757;-10.9814814814815;-68.917695473251;9.49382716049377;158.814814814815;0
6.29423868312757;-6.98148148148147;-60.917695473251;-91.5061728395062;-57.1851851851852;0
6.29423868312757;-9.98148148148147;143.082304526749;11.4938271604938;95.8148148148148;0
5.29423868312757;-11.9814814814815;-62.917695473251;10.4938271604938;103.814814814815;0
6.29423868312757;-11.9814814814815;21.082304526749;9.49382716049377;-48.1851851851852;0
6.29423868312757;-10.9814814814815;-64.917695473251;7.49382716049377;-69.1851851851852;0
6.29423868312757;-8.98148148148147;143.082304526749;11.4938271604938;98.8148148148148;0
6.29423868312757;-10.9814814814815;135.082304526749;6.49382716049377;-60.1851851851852;0
6.29423868312757;-11.9814814814815;-70.917695473251;8.49382716049377;-57.1851851851852;0
2.29423868312757;63.0185185185185;169.082304526749;-46.5061728395062;-58.1851851851852;0
2.29423868312757;-35.9814814814815;-83.917695473251;-47.5061728395062;8.81481481481478;0
1.29423868312757;66.0185185185185;-83.917695473251;-107.506172839506;-67.1851851851852;0
1.29423868312757;24.0185185185185;-83.917695473251;-47.5061728395062;-11.1851851851852;0
1.29423868312757;-3.98148148148147;-83.917695473251;-48.5061728395062;-64.1851851851852;0
6.29423868312757;-6.98148148148147;142.082304526749;9.49382716049377;-62.1851851851852;0
6.29423868312757;-7.98148148148147;-54.917695473251;10.4938271604938;-12.1851851851852;0
1.29423868312757;-0.981481481481467;-83.917695473251;-46.5061728395062;-67.1851851851852;0
2.29423868312757;-1.98148148148147;110.082304526749;-46.5061728395062;-62.1851851851852;0
6.29423868312757;51.0185185185185;164.082304526749;10.4938271604938;94.8148148148148;0
6.29423868312757;-5.98148148148147;167.082304526749;10.4938271604938;-67.1851851851852;0
1.29423868312757;3.01851851851853;-79.917695473251;-48.5061728395062;-67.1851851851852;0
1.29423868312757;65.0185185185185;-83.917695473251;-47.5061728395062;15.8148148148148;0
6.29423868312757;-9.98148148148147;124.082304526749;6.49382716049377;95.8148148148148;0
6.29423868312757;45.0185185185185;-60.917695473251;10.4938271604938;-57.1851851851852;0
2.29423868312757;-2.98148148148147;-83.917695473251;-47.5061728395062;-18.1851851851852;0
6.29423868312757;-7.98148148148147;171.082304526749;8.49382716049377;-42.1851851851852;0
1.29423868312757;0.018518518518533;-83.917695473251;-48.5061728395062;-60.1851851851852;0
6.29423868312757;-8.98148148148147;170.082304526749;11.4938271604938;-47.1851851851852;0
1.29423868312757;-1.98148148148147;-83.917695473251;-46.5061728395062;-68.1851851851852;0
6.29423868312757;-6.98148148148147;-60.917695473251;6.49382716049377;-57.1851851851852;0
1.29423868312757;63.0185185185185;78.082304526749;-48.5061728395062;-66.1851851851852;0
5.29423868312757;-11.9814814814815;152.082304526749;11.4938271604938;-34.1851851851852;0
1.29423868312757;1.01851851851853;-83.917695473251;-48.5061728395062;-11.1851851851852;0
6.29423868312757;-4.98148148148147;-52.917695473251;7.49382716049377;17.8148148148148;0
1.29423868312757;1.01851851851853;164.082304526749;-48.5061728395062;-20.1851851851852;0
6.29423868312757;-11.9814814814815;-58.917695473251;7.49382716049377;-68.1851851851852;0
6.29423868312757;-9.98148148148147;-58.917695473251;8.49382716049377;-31.1851851851852;0
1.29423868312757;65.0185185185185;130.082304526749;-46.5061728395062;-4.18518518518522;0
2.29423868312757;-0.981481481481467;171.082304526749;-47.5061728395062;-63.1851851851852;0
6.29423868312757;-9.98148148148147;86.082304526749;10.4938271604938;-12.1851851851852;0
6.29423868312757;48.0185185185185;-57.917695473251;9.49382716049377;-34.1851851851852;0
1.29423868312757;63.0185185185185;-83.917695473251;-47.5061728395062;-13.1851851851852;0
2.29423868312757;62.0185185185185;-83.917695473251;-47.5061728395062;-63.1851851851852;0
6.29423868312757;-8.98148148148147;-63.917695473251;11.4938271604938;-36.1851851851852;0
6.29423868312757;-6.98148148148147;-59.917695473251;10.4938271604938;-37.1851851851852;0
1.29423868312757;66.0185185185185;169.082304526749;-47.5061728395062;153.814814814815;0
6.29423868312757;-7.98148148148147;-60.917695473251;10.4938271604938;-63.1851851851852;0
2.29423868312757;63.0185185185185;-83.917695473251;-46.5061728395062;3.81481481481478;0
6.29423868312757;45.0185185185185;-59.917695473251;9.49382716049377;-62.1851851851852;0
2.29423868312757;-0.981481481481467;-83.917695473251;-45.5061728395062;325.814814814815;0
6.29423868312757;-9.98148148148147;-61.917695473251;5.49382716049377;-31.1851851851852;0
6.29423868312757;49.0185185185185;-55.917695473251;8.49382716049377;-61.1851851851852;0
6.29423868312757;47.0185185185185;-63.917695473251;6.49382716049377;-69.1851851851852;0
1.29423868312757;24.0185185185185;-83.917695473251;-46.5061728395062;-14.1851851851852;0
6.29423868312757;-10.9814814814815;-59.917695473251;7.49382716049377;-63.1851851851852;0
2.29423868312757;65.0185185185185;185.082304526749;-46.5061728395062;-64.1851851851852;0
6.29423868312757;47.0185185185185;-62.917695473251;6.49382716049377;-63.1851851851852;0
2.29423868312757;1.01851851851853;181.082304526749;-47.5061728395062;10.8148148148148;0
6.29423868312757;-8.98148148148147;-59.917695473251;7.49382716049377;-49.1851851851852;0
2.29423868312757;65.0185185185185;83.082304526749;-46.5061728395062;139.814814814815;0
6.29423868312757;48.0185185185185;-81.917695473251;6.49382716049377;-60.1851851851852;0
1.29423868312757;2.01851851851853;-83.917695473251;-47.5061728395062;-62.1851851851852;0
6.29423868312757;48.0185185185185;146.082304526749;6.49382716049377;-68.1851851851852;0
6.29423868312757;47.0185185185185;212.082304526749;-131.506172839506;113.814814814815;0
1.29423868312757;66.0185185185185;211.082304526749;-48.5061728395062;-57.1851851851852;0
6.29423868312757;-6.98148148148147;-54.917695473251;8.49382716049377;-53.1851851851852;0
6.29423868312757;-6.98148148148147;-55.917695473251;10.4938271604938;97.8148148148148;0
6.29423868312757;-6.98148148148147;-54.917695473251;11.4938271604938;153.814814814815;0
2.29423868312757;-0.981481481481467;37.082304526749;-46.5061728395062;-6.18518518518522;0
6.29423868312757;-10.9814814814815;-59.917695473251;6.49382716049377;8.81481481481478;0
6.29423868312757;-3.98148148148147;-63.917695473251;5.49382716049377;-63.1851851851852;0
6.29423868312757;-5.98148148148147;-53.917695473251;6.49382716049377;-56.1851851851852;0
1.29423868312757;0.018518518518533;245.082304526749;-48.5061728395062;-18.1851851851852;0
6.29423868312757;-10.9814814814815;-57.917695473251;5.49382716049377;205.814814814815;0
2.29423868312757;0.018518518518533;181.082304526749;-47.5061728395062;14.8148148148148;0
6.29423868312757;-5.98148148148147;-58.917695473251;4.49382716049377;-69.1851851851852;0
1.29423868312757;2.01851851851853;133.082304526749;-49.5061728395062;-11.1851851851852;0
6.29423868312757;-7.98148148148147;-59.917695473251;8.49382716049377;-1.18518518518522;0
2.29423868312757;0.018518518518533;224.082304526749;-46.5061728395062;-2.18518518518522;0
6.29423868312757;-9.98148148148147;-58.917695473251;3.49382716049377;-61.1851851851852;0
1.29423868312757;-0.981481481481467;-9.917695473251;-48.5061728395062;-69.1851851851852;0
1.29423868312757;0.018518518518533;-83.917695473251;-49.5061728395062;-55.1851851851852;0
1.29423868312757;-0.981481481481467;131.082304526749;-48.5061728395062;22.8148148148148;0
1.29423868312757;-0.981481481481467;130.082304526749;-49.5061728395062;44.8148148148148;0
2.29423868312757;1.01851851851853;135.082304526749;-48.5061728395062;-64.1851851851852;0
2.29423868312757;0.018518518518533;50.082304526749;-47.5061728395062;-65.1851851851852;0
1.29423868312757;0.018518518518533;257.082304526749;-49.5061728395062;-59.1851851851852;0
6.29423868312757;50.0185185185185;253.082304526749;4.49382716049377;138.814814814815;0
6.29423868312757;46.0185185185185;-56.917695473251;9.49382716049377;36.8148148148148;0
5.29423868312757;2.01851851851853;-58.917695473251;7.49382716049377;-53.1851851851852;0
6.29423868312757;-11.9814814814815;-58.917695473251;8.49382716049377;-53.1851851851852;0
1.29423868312757;66.0185185185185;213.082304526749;-48.5061728395062;-7.18518518518522;0
1.29423868312757;-0.981481481481467;39.082304526749;-51.5061728395062;-5.18518518518522;0
6.29423868312757;49.0185185185185;-55.917695473251;6.49382716049377;-55.1851851851852;0
6.29423868312757;49.0185185185185;-55.917695473251;5.49382716049377;-67.1851851851852;0
1.29423868312757;0.018518518518533;-4.917695473251;-49.5061728395062;-60.1851851851852;0
1.29423868312757;-0.981481481481467;66.082304526749;-97.5061728395062;-61.1851851851852;0
6.29423868312757;48.0185185185185;138.082304526749;6.49382716049377;-64.1851851851852;0
6.29423868312757;47.0185185185185;242.082304526749;7.49382716049377;-68.1851851851852;0
1.29423868312757;0.018518518518533;-78.917695473251;-47.5061728395062;-10.1851851851852;0
1.29423868312757;1.01851851851853;179.082304526749;-48.5061728395062;-53.1851851851852;0
6.29423868312757;-5.98148148148147;187.082304526749;2.49382716049377;-30.1851851851852;0
1.29423868312757;3.01851851851853;180.082304526749;-48.5061728395062;-45.1851851851852;0
-77.7057613168724;-105.981481481481;107.082304526749;156.493827160494;244.814814814815;0
